[{"id":"user-file-Honey-GarlicShrimpStovetopRiceCasserole.pdf","fileName":"Honey-GarlicShrimpStovetopRiceCasserole.pdf","name":"Honey-GarlicShrimpStovetopRiceCasserole","publicUrl":"np://user.desktop.nicepage.com/Site_213633702/files/Honey-GarlicShrimpStovetopRiceCasserole.pdf","size":194894},{"id":"user-file-CreamyPastawithRoastedCherryTomatoes.txt","fileName":"CreamyPastawithRoastedCherryTomatoes.txt","name":"CreamyPastawithRoastedCherryTomatoes","publicUrl":"np://user.desktop.nicepage.com/Site_213633702/files/CreamyPastawithRoastedCherryTomatoes.txt","size":1527},{"id":"user-file-CrockPotChickenEnchiladaSoup.txt","fileName":"CrockPotChickenEnchiladaSoup.txt","name":"CrockPotChickenEnchiladaSoup","publicUrl":"np://user.desktop.nicepage.com/Site_213633702/files/CrockPotChickenEnchiladaSoup.txt","size":2080},{"id":"user-file-ChocolateChocolateChipCookies.txt","fileName":"ChocolateChocolateChipCookies.txt","name":"ChocolateChocolateChipCookies","publicUrl":"np://user.desktop.nicepage.com/Site_213633702/files/ChocolateChocolateChipCookies.txt","size":2201},{"id":"user-file-ChocolateMintSticks.jpg","fileName":"ChocolateMintSticks.jpg","name":"ChocolateMintSticks","publicUrl":"np://user.desktop.nicepage.com/Site_213633702/files/ChocolateMintSticks.jpg","size":90612},{"id":"user-file-JuliasPumpkinMuffins.txt","fileName":"JuliasPumpkinMuffins.txt","name":"JuliasPumpkinMuffins","publicUrl":"np://user.desktop.nicepage.com/Site_213633702/files/JuliasPumpkinMuffins.txt","size":381},{"id":"user-file-SeriouslySoftMolassesCookies.txt","fileName":"SeriouslySoftMolassesCookies.txt","name":"SeriouslySoftMolassesCookies","publicUrl":"np://user.desktop.nicepage.com/Site_213633702/files/SeriouslySoftMolassesCookies.txt","size":2900},{"id":"user-file-ThaiBeefandCabbageSkillet.txt","fileName":"ThaiBeefandCabbageSkillet.txt","name":"ThaiBeefandCabbageSkillet","publicUrl":"np://user.desktop.nicepage.com/Site_213633702/files/ThaiBeefandCabbageSkillet.txt","size":1289}]