[{"id":"user-image-Portrait.jpg","publicUrl":"np://user.desktop.nicepage.com/Site_213633702/images/Portrait.jpg","size":644620,"hash":"LR+7Jp/Xy28NM4VEiTITmwA37ho=","fileName":"Portrait.jpg","name":"Portrait","width":1440,"height":1800,"thumbnail":{"url":"np://user.desktop.nicepage.com/Site_213633702/images/thumbnails/Portrait.jpg","width":200,"height":250},"usages":["464721129"]},{"id":"user-image-Logo.PNG","publicUrl":"np://user.desktop.nicepage.com/Site_213633702/images/Logo.PNG","size":6863,"hash":"f1JjmPZ8AsOlj8odqZ256PfYW3Q=","fileName":"Logo.PNG","name":"Logo","width":261,"height":136,"thumbnail":{"url":"np://user.desktop.nicepage.com/Site_213633702/images/thumbnails/Logo.PNG","width":250,"height":130},"usages":[]}]